{
  "generated_at": "20260430_091333",
  "result_file": "experiments\\exp09_longctx\\results\\exp09_longctx_20260425_144412.json",
  "n_tasks": 10,
  "n_trials_per_task": 3,
  "h9b_overall": {
    "abc_mean": 0.8833333333333334,
    "rag_mean": 0.85,
    "delta": 0.03333333333333344
  },
  "h9b_paired_ttest": {
    "t": 0.26413527189768704,
    "p_value": 0.7976245209721028,
    "cohens_d": 0.08352690695845566,
    "n": 10,
    "mean_diff": 0.033333333333333326
  },
  "h9b_wilcoxon": {
    "W": 1.0,
    "p_value": 1.0
  },
  "bootstrap_ci": {
    "observed_delta": 0.033333333333333326,
    "ci_95": [
      -0.1166666666666667,
      0.18333333333333335
    ],
    "includes_zero": true
  },
  "verdict": "NOT SIGNIFICANT — 미결 (검정력 부족 가능성)",
  "size_class_breakdown": {
    "large": {
      "n_tasks": 4,
      "abc_mean": 1.0,
      "rag_mean": 0.75,
      "delta": 0.25
    },
    "medium": {
      "n_tasks": 4,
      "abc_mean": 0.875,
      "rag_mean": 0.875,
      "delta": 0.0
    },
    "small": {
      "n_tasks": 2,
      "abc_mean": 0.6666666666666666,
      "rag_mean": 1.0,
      "delta": -0.33333333333333337
    }
  },
  "hop_type_breakdown": {
    "2-hop": {
      "n_tasks": 4,
      "abc_mean": 0.875,
      "rag_mean": 0.875,
      "delta": 0.0
    },
    "3-hop": {
      "n_tasks": 3,
      "abc_mean": 1.0,
      "rag_mean": 0.6666666666666666,
      "delta": 0.33333333333333337
    },
    "needle": {
      "n_tasks": 3,
      "abc_mean": 0.7777777777777778,
      "rag_mean": 1.0,
      "delta": -0.2222222222222222
    }
  },
  "small_paradox": [
    {
      "task_id": "longctx-small-needle-01",
      "abc_mean": 0.3333333333333333,
      "rag_mean": 1.0,
      "delta": -0.6666666666666667,
      "abc_trials": [
        0.0,
        0.0,
        1.0
      ],
      "rag_trials": [
        1.0,
        1.0,
        1.0
      ]
    },
    {
      "task_id": "longctx-small-2hop-01",
      "abc_mean": 1.0,
      "rag_mean": 1.0,
      "delta": 0.0,
      "abc_trials": [
        1.0,
        1.0,
        1.0
      ],
      "rag_trials": [
        1.0,
        1.0,
        1.0
      ]
    }
  ]
}